Catalog#,Artist,Title,Label,Format,Rating,Released,release_id,Collection Folder,Date Added,Collection Media Condition,Collection Sleeve Condition,Collection Notes
OR 718,"Bobby ""O""*",I'm So Hot For You / Still Hott 4 U,"""O"" Records","12""",,1982,102787,Uncategorized,,,,
VIS091,Jesper Dahlbäck,Summer Jam Madness EP,20:20 Vision,"12"", EP",,2003,164019,Uncategorized,,,,
BWAY 414,Skipworth & Turner,Thinking About Your Love,4th & Broadway,"12""",,1985,189410,Uncategorized,,,,
541416 501245,Various,Dance Train Classics Vinyl 25,541,"12""",,2004,311735,Uncategorized,,,,
SIXXLP 6,Kevin Saunderson,Faces & Phases,6 x 6 Records,"3xLP, Comp, Ltd",,1996,64389,Uncategorized,,,,
50467-4723-2,Annie,Anniemal,679 Recordings,"CD, Album",,2004,336081,Uncategorized,,,,
679L075T,Annie,Chewing Gum,679 Recordings,"12""",,2004,323428,Uncategorized,,,,
atoc9001,Various,A Touch Of Class Sucks!,A Touch Of Class Recordings (US),"2x12""",,2003,235349,Uncategorized,,,,
atocp03,Scissor Sisters,Comfortably Numb,A Touch Of Class Recordings (US),"12"", Promo, S/Sided",,2002,104169,Uncategorized,,,,
ABCL 5163,Pointer Sisters,Having A Party,ABC Records,LP,,1977,1465786,Uncategorized,2010-03-11 07:03:23,,,
ADR 7,Abe Duque,What Happened?,Abe Duque Records,"12""",,2004,242763,Uncategorized,,,,
AHAB 05,Microman,If I Let You Down (Remix),Ahab,"12""",,1999,218792,Uncategorized,,,,
ML-2225,Larry Heard Presents: Mr. White*,You Rock Me / The Sun Can't Compare,Alleviated Records,"12""",5,2006,820980,Uncategorized,,,,
ABR005,Albion*,Space Time Continuum,Ambassador's Reception,"12""",,2009,1763402,Uncategorized,2010-12-20 08:59:14,,,
APR 039 CD,Håkan Lidbo,Before The Beginning,April Records,"CD, Album",,1999,51444,Uncategorized,,,,
601 139,Hipnosis,Pulstar (Special Disco Mix),Ariola,"12"", Maxi",,1983,145810,Uncategorized,,,,
"ASW 91708-2, 72435 91708 2 4",Kraftwerk,Tour De France Soundtracks,"Astralwerks, Astralwerks","CD, Album",,2003,177549,Uncategorized,,,,
780 040-1,Klein & M.B.O.,First...,Atlantic,LP,,1983,46492,Uncategorized,,,,
ATL 50 790,Gino Soccio,Closer,Atlantic,"LP, Album",,1981,159321,Uncategorized,,,,
0-89902,Quadrant Six,Body Mechanic,"Atlantic, RFC Records","12""",,1982,51934,Uncategorized,,,,
JAXX008,Basement Jaxx,Sleazycheeks EP,Atlantic Jaxx,"12"", EP",5,1996,4648,Uncategorized,,,,
JAXX011,Corrina Joseph,Wish Tonite / Lonely,Atlantic Jaxx,"12""",5,1997,16109,Uncategorized,,,,
AE 41789,La Bionda / Klein & M.B.O. / Kebekelektrik,Automan 4,Automan,"12""",,2002,57998,Uncategorized,,,,
AVL-6012,El Coco,Cocomotion,AVI Records,"LP, Album",,1977,217280,Uncategorized,,,,
"Balance 1, NAT101, Plasmek101",MAT101,Goblin 101,"Balance Records (Italy), Nature Records, Plasmek","10""",,1999,58540,Uncategorized,,,,
BAL-010,Various,This Is The Final Balihu Release: BAL-010,Balihu Records,"12""",4,1999,12147,Uncategorized,,,,
BALIHU-008,Daniel Wang,Cristal-Plastique,Balihu Records,"12""",4,1997,7320,Uncategorized,,,,
BRH001,Martin Circus / Prince,Disco Circus / Sexy Dancer,Ballroom Records,"12""",,2002,76903,Uncategorized,,,,
BRH004,Yellow Magic Orchestra / Motown Sounds,Computer Game / Bad Mouthin',Ballroom Records,"12""",,2002,74625,Uncategorized,,,,
BRH006,Cleavage / Gaz,Barah / Sing-Sing,Ballroom Records,"12""",,2003,155115,Uncategorized,,,,
BRH009,Michael Jackson / Drums Power,P.Y.T / Dance Ritual,Ballroom Records,"12"", Unofficial",,2003,150632,Uncategorized,,,,
BRH010,David Benoit / Azoto,Life Like A Samba / San Salvador,Ballroom Records,"12""",,2003,162020,Uncategorized,,,,
BRH011,Funk Masters / Shining Star,Love Money / The Stranger,Ballroom Records,"12"", Unofficial",,2003,155114,Uncategorized,,,,
BRH012,Traks / Francine McGee,Long Train Running / Delirium,Ballroom Records,"12""",,2003,153338,Uncategorized,,,,
BRH017,Giorgio Moroder / Dan Hartman,The Chase / Relight My Fire,Ballroom Records,"12""",,2004,329535,Uncategorized,,,,
BA024,Daniel Wang / Carlos Hernandez,Echo By Midnight / Roller Giggle,Basenotic Records,"12""",,2004,249346,Uncategorized,,,,
BBELP029,Various,Stop And Listen 5,BBE,"4xLP, Comp",4,2000,10423,Uncategorized,,,,
B.C. 70-2060-49,Various,The History Of The House Sound Of Chicago,BCM Records,"12xLP, Comp, Ltd + Box",,0,57624,Uncategorized,,,,
BE06,Lindstrøm,Plague The Kid,Bear Entertainment,"12""",,2004,295732,Uncategorized,,,,
BE08,Lindstrøm,Plague The Kid 2,Bear Entertainment,"12""",,2005,443277,Uncategorized,,,,
BFK004,Fuzz Against Junk,Country Clonk,Bear Funk,"12""",,2004,302197,Uncategorized,,,,
BFK015,Copyshop / Fabrizio Mammarella,Mystery Guest / Tear Up,Bear Funk,"12""",,2005,482326,Uncategorized,,,,
BKD 506,Denroy Morgan,Sweet Tender Love,Becket Records,"12"", Promo",,1981,1509594,Uncategorized,2010-12-11 15:07:35,,,
120-07-066,International Music System,Run Away / Nonline,Bellaphon,"12""",,1983,178125,Uncategorized,,,,
250-07-018,Various,Let's Break - Super Disco Break-Dancing,Bellaphon,"LP, Comp",,1983,182251,Uncategorized,,,,
BEST 12013,Electra (2),Are You Automatic,Best Record,"12""",,1983,192798,Uncategorized,,,,
BEST 12031,Tammie Lee / Final Selection Orchestra,Sky High / Night More Night,Best Record,"12""",,1984,255100,Uncategorized,,,,
mt094a,Nurse With Wound,Rock'n Roll Station,Beta-lactam Ring Records,"2xLP, Album, Ltd",,2006,825714,Uncategorized,2010-11-16 06:37:23,,,
BB014,Loud-E,Palaza Break,Big Bear,"12""",,2007,1166102,Uncategorized,2010-11-16 07:28:00,,,
BB027,Big Bear,Your Favourite Dancer EP 1,Big Bear,"12"", EP",,2005,480709,Uncategorized,,,,
BL 01,Deflektorz,Deflekt EP,Black Label,"12"", EP",,2001,19820,Uncategorized,,,,
MX  101,Jules Tropicana,Come On,Blanco Y Negro (2),"12""",,1983,94775,Uncategorized,,,,
INT 125.522,My Mine,Hypnotic Tango,Blow Up,"12"", Single",,1983,90483,Uncategorized,,,,
BU 0039,Miko Mission,The World Is You,Blow Up Disco,"12""",,1984,101634,Uncategorized,,,,
82876 52544 2,Luomo,The Present Lover,BMG,"CD, Album",,2003,149875,Uncategorized,,,,
BMYCD-103,Roy Davis Jr*,Traxx From The Nile,Bombay Records (2),"CD, Album",3,2001,5784,Uncategorized,,,,
BPC 034,Smash TV,Now,BPitch Control,"12""",,2001,58331,Uncategorized,,,,
BPC 035,Sascha Funke,When Will I Be Famous,BPitch Control,"12""",5,2001,22339,Uncategorized,,,,
BPC 079,Smash TV,Hi-Jacked,BPitch Control,"12""",,2003,219627,Uncategorized,,,,
BPC020,Smash TV,Rock On Boy,BPitch Control,"12""",,2001,39709,Uncategorized,,,,
BPC021 LP,Ellen Allien,Stadtkind,BPitch Control,"2x12"", Album",,2001,45891,Uncategorized,,,,
BPCTRL 028,Toktok vs. Soffy O.,Missy Queen Rmxs,BPitch Control,"12""",3,2001,7032,Uncategorized,,,,
"brain 1075, BRAIN 1075",Klaus Schulze,Timewind,"Brain, Brain","LP, Album, Gat",,1975,76120,Uncategorized,2010-12-11 14:46:19,,,
308324,Ray Connection*,Replay,Break Records,"12""",,1983,233106,Uncategorized,,,,
BRK31,Breakin' All Stars / DMX Krew,Megamix 2001,Breakin' Records,"12""",3,2001,25748,Uncategorized,,,,
BUNKER 3002,Legowelt,Pimpshifter,Bunker Records,"12""",5,2000,13307,Uncategorized,,,,
BUNKER 3007,Rude 66,De Machine Des Duivels,Bunker Records,LP,5,2000,33875,Uncategorized,,,,
BUNKER 3008,Legowelt vs. Orgue Electronique,Derrick In Nord Korea,Bunker Records,"12""",4,2000,25713,Uncategorized,,,,
Bunker 3023,Legowelt,Klaus Kinski EP,Bunker Records,"12"", EP",,2002,63006,Uncategorized,,,,
Bunker 3025,Gladio,Slave Of Rome,Bunker Records,"12""",,2003,102953,Uncategorized,,,,
BUNKER 3027,Luke Eargoggle,Audio Warriors,Bunker Records,"CD, Album",,2003,117828,Uncategorized,,,,
Bunker 3037,Sendex,Exposure,Bunker Records,LP,,2003,202055,Uncategorized,,,,
Bunker 3038,Polygamy Boys,The Minus Man EP,Bunker Records,"12"", EP",,2003,219064,Uncategorized,,,,
BUNKER 3044,Legowelt,Beyond The Congo,Bunker Records,"12""",,2005,381718,Uncategorized,,,,
"Bunker 3028, BUNKER 3028",Legowelt,Classics 1998-2003 - A Selection Of Tracks From The Archive Bunker,"Bunker Records, Bunker Records","2x12"", Comp",,2003,163601,Uncategorized,,,,
"BUNKER 3031, BUNKER RECORDS 3031",Various,Sound Of Suomi,"Bunker Records, Bunker Records","2xLP, Comp",,2004,228495,Uncategorized,,,,
BZZLP 106106,Various,Relics - A Transmat Compilation,Buzz,"LP, Comp",5,1992,4729,Uncategorized,,,,
821 329-1,Raff*,Self Control,Carrere,"12"", Maxi",,1984,203252,Uncategorized,,,,
8482,Primadonna,Flashing On The Floor,Carrere,"12"", Maxi",,1985,76408,Uncategorized,,,,
NBD 20126,Giorgio Moroder,Chase,Casablanca Records,"12"", S/Sided",,1978,93085,Uncategorized,,,,
NBLP 7065,Giorgio*,From Here To Eternity,Casablanca Records,"LP, Album",5,1977,28229,Uncategorized,,,,
NBLP 7090,Munich Machine Introducing Chris Bennett,A Whiter Shade Of Pale,Casablanca Records,"LP, Album",,1978,202284,Uncategorized,,,,
NBLP 7169,Giorgio*,E=MC²,Casablanca Records,"LP, Album",,1979,58620,Uncategorized,,,,
NBLP 7190,Persia,Persia,Casablanca Records,LP,,1979,834659,Uncategorized,2009-08-28 12:48:10,,,
C7-2001,Laurie Marshall,The Disco Spaceship,Casino Records,"12"", Single",,1977,227509,Uncategorized,,,,
"CBSA 12.4498, CBSA 12-4498, CBS A 12.4498",Ivan (4),Fotonovela · Chapter (II),"CBS, CBS, CBS","12"", Maxi",,1984,101635,Uncategorized,,,,
C83002,Channel 83,The Aliens: The Sunlamp Show,Channel 83,"12""",,2009,2009068,Uncategorized,2010-12-28 06:51:17,,,
12 CHEAP 08,Sluts'n'Strings & 909,Steamin' Promises E.P.,Cheap,"12"", EP",4,1994,10901,Uncategorized,,,,
12 CHEAP 09,Christopher Just,Forbidden Planet,Cheap,"12""",,1994,60336,Uncategorized,,,,
12 CHEAP 21,Sluts'n'Strings & 909,Carrera,Cheap,2xLP,5,1997,12309,Uncategorized,,,,
12 CHEAP 44,Louie Austen,Together EP,Cheap,"12"", EP",4,2003,160578,Uncategorized,,,,
ROCKERS10,"Drug Punks, The",Drug / Punk,City Rockers,"12""",3,2002,25223,Uncategorized,,,,
CMC61,Induceve,Jazz Chops EP,Classic,"12"", EP",4,2001,20873,Uncategorized,,,,
C#17,Alden Tyrell,Digger,Clone,"12""",,2002,82733,Uncategorized,,,,
C#21,Duplex,EP 5,Clone,"12"", EP",,2001,41060,Uncategorized,,,,
C#22,Various,We Still Kill The Old Way,Clone,"2x12""",4,2001,22341,Uncategorized,,,,
C#26,Duplex,Autoload EP,Clone,"12"", EP",,2002,74329,Uncategorized,,,,
C#28,Putsch '79,1300,Clone,"12""",,2003,123758,Uncategorized,,,,
C#31-cd,Lab Rat XL,Mice Or Cyborg,Clone,"CD, Album",,2003,219076,Uncategorized,,,,
C#32,Putsch '79,Asian Girls,Clone,"12""",,2003,189738,Uncategorized,,,,
C#33a-b,Glass Domain,Glass Domain,Clone,"12"", RM, RE, Ltd, Cle",,2003,205907,Uncategorized,2010-11-15 12:54:03,,,
C#34-lp,Putsch '79,Putsch,Clone,"2xLP, Album",,2004,245902,Uncategorized,,,,
C#36,Unit 4 (2),Bodydub,Clone,"12""",,2004,257925,Uncategorized,,,,
C#37,Alden Tyrell,Disco Lunar Module,Clone,"12""",,2004,324807,Uncategorized,,,,
C#37.1,Alden Tyrell,Disco Lunar Module Rmx / Other Worlds Robots,Clone,"12""",,2005,406148,Uncategorized,,,,
C#38,Putsch '79,Arpeggio Life,Clone,"12""",5,2005,468009,Uncategorized,,,,
C#CD3,Putsch '79,Putsch,Clone,"CD, Album",,2004,246192,Uncategorized,,,,
C#CD4,Various,The Men You'll Never See,Clone,"CD, Comp",,2004,284038,Uncategorized,,,,
Clone# 35-lp,Various,The Men You'll Never See,Clone,"2x12"", Comp",,2004,261283,Uncategorized,,,,
Cx12,Alden Tyrell,Knockers,Clone,"12"", Ltd",,2003,207568,Uncategorized,,,,
Cx14,Putsch '79,Untitled,Clone,"12"", Ltd",,2003,219061,Uncategorized,,,,
CX18,Unit 4 (2),Bodydub (Remixes),Clone,"12""",,2004,320895,Uncategorized,,,,
Cx8,Like A Tim,Disc O Tim,Clone,"12"", Ltd",,2002,47537,Uncategorized,,,,
CX9,Drexciya,Untitled,Clone,"12"", Ltd",,2002,35562,Uncategorized,,,,
"C#CD1, Crème CD-01",Bangkok Impact,Traveller,"Clone, Crème Organization","CD, Album",,2003,163469,Uncategorized,,,,
"484389 2, COL 484389 2",Hooverphonic,A New Stereophonic Sound Spectacular,"Columbia, Columbia","CD, Album",,1996,59438,Uncategorized,,,,
CL 001,Photocall,Silver Clouds,Computer Life Recordings,"12"", Ltd",,2004,322816,Uncategorized,,,,
CSLTD102,A.D.N.Y.*,De Mi Para Ti,Corner Shots Ltd,"12""",5,2001,11020,Uncategorized,,,,
CSLTD103,A.D.N.Y.*,Vida Mia,Corner Shots Ltd,"12"", EP",4,2001,12363,Uncategorized,,,,
CD LP 002,Various,Disco Obscura Presente Cosmic Dancer - Voyage Two,Cosmic Dancer,LP,,2005,529354,Uncategorized,,,,
Crème 12-03R,Bangkok Impact,Junge Dame Remixes (Arctic Version),Crème Organization,"12""",,2003,211696,Uncategorized,,,,
Crème 12-09,Polarius,Winter In Polarius,Crème Organization,"12""",,2003,158992,Uncategorized,2010-11-16 07:39:55,,,
Crème 12-11,Raheem Hershel,Gotta Have The Pokey,Crème Organization,"12""",,2003,150550,Uncategorized,,,,
Crème 12-13,Legowelt,Under The Panda Moon,Crème Organization,"12""",,2004,261300,Uncategorized,,,,
Crème 12-14,Orgue Electronique,"Texas, Brooklyn & Heaven",Crème Organization,"12""",,2004,254621,Uncategorized,,,,
Crème 12-17,Nami Shimada,Sunshower,Crème Organization,"12""",,2004,365447,Uncategorized,,,,
Crème LP-01,Bangkok Impact,Traveller,Crème Organization,2xLP,,2003,135957,Uncategorized,,,,
Crème LP-03,Various,Are We Too Late For The Trend?,Crème Organization,LP,,2003,202368,Uncategorized,,,,
Crème LP-04,Various,You Bet We've Got Something Personal Against You!,Crème Organization,"2xLP, Comp",,2003,215719,Uncategorized,,,,
Crème LP-06,Alexander Robotnick,Krypta 1982 (Rare Robotnicks Part 2),Crème Organization,2xLP,,2005,583599,Uncategorized,,,,
CRO 12-01,Mr. Clavio,Call Me Mister Falcon / Paper World,Crème Organization,"12""",4,2001,35109,Uncategorized,,,,
CRO 12-03,Bangkok Impact,Aspirin / Junge Dame Mit Freundliche Tel,Crème Organization,"12""",5,2002,33066,Uncategorized,,,,
CRO 12-04,It & My Computer,Sur Une Cigarette,Crème Organization,"12""",,2002,45027,Uncategorized,,,,
CRO 12-06,Dan Physics,Cannot Find Words,Crème Organization,"12""",,2002,51783,Uncategorized,,,,
CRO 12-08,Bangkok Impact,Masters Of The Universe,Crème Organization,"12""",,2002,70537,Uncategorized,,,,
"Crème LP-02, Goldcoast 01",Legowelt,Reports From The Backseat Pimp,"Crème Organization, Goldcoast","LP, Ltd",,2003,154165,Uncategorized,,,,
DAR 001-6,Hugg & Pepp,Bastratt E.P.,Dahlbäck Records,"12"", EP",,2003,219047,Uncategorized,,,,
DeepTics_01,Various,Deep Tics,Deep Tics,"CD, Comp, Dig",,2003,160170,Uncategorized,,,,
L.12,Les Rockets*,Atomic  Control / Future Woman,Deram,"12""",,1976,435476,Uncategorized,2010-11-15 12:54:11,,,
IRQ08CD,Various,Disco Undead,Device,"CD, Comp",,2004,330107,Uncategorized,,,,
DIF 001 DLP,Motorbass,Pansoul,Different,"2x12"", Album",5,1996,34125,Uncategorized,,,,
"DIFB 1028, 451.1028.130",Tiga,Pleasure From The Bass,"Different, [PIAS] Recordings","12""",,2004,264281,Uncategorized,,,,
"DIF 001 CD, 451.0001.20, RTD 375.0701.2",Motorbass,Pansoul,"Different, Pias France, Rough Trade Distribution","CD, Album",5,1996,27988,Uncategorized,,,,
Digitalo.1,Various,Digitalo.1,Digitalo,"12""",,2003,164901,Uncategorized,,,,
Dis 010,Erot,Two Songs For Annie,Discfunction,"12""",,1999,49260,Uncategorized,,,,
MIX  236,Plastic Mode,Baja Imperial,Discomagic Records,"12""",,1985,192751,Uncategorized,,,,
db 111,"Parallax Corporation, The",Cocadisco,Disko B,2xLP,,2002,71606,Uncategorized,,,,
db83,I-f,The Man From PACK,Disko B,"2xLP, Album",5,1999,26751,Uncategorized,,,,
PO-400,Easy Going,Easy Going,Disques Podium Records,LP,,1978,421576,Uncategorized,,,,
DS 0702,Cosmic Metal Mother / Professor Genius,I Think... / Pegaso,Disques Sinthomme,"12""",,2007,1134899,Uncategorized,2010-11-18 12:55:16,,,
DK 1,Thomas Krome,The Real Jazz,DK Records,"10""",5,1998,1406,Uncategorized,,,,
DK 4,Thomas Krome,The Real Jazz (Remixes),DK Records,"2x12""",5,1999,23364,Uncategorized,,,,
DK 6,DK,Sex,DK Records,"12""",,2002,92649,Uncategorized,,,,
DK 7,DK7,The Difference,DK Records,"12""",,2002,65361,Uncategorized,,,,
DX 0,Jesper Dahlbäck,Machine Dance,DK Records,"12""",,2004,297210,Uncategorized,,,,
DX 1,Jesper Dahlbäck,Polyhouse,DK Records,"12""",5,2005,457255,Uncategorized,,,,
"DK8, DK 8",DK8*,Murder Was The Bass,"DK Records, DK Records","12""",,2003,146317,Uncategorized,,,,
DNH-008,Nick Holder,Private Selections EP,DNH Recordings,"12"", EP",,1993,61092,Uncategorized,,,,
DNH-067,N. Holder*,Private Selections,DNH Recordings,"12""",5,2000,9423,Uncategorized,,,,
0-96658,J.J. Fad,Supersonic,"Dream Team Records, Atlantic","12""",3,1988,36997,Uncategorized,,,,
DAI 30334,Passengers (2),Girls Cost Money,Durium,LP,,1979,212465,Uncategorized,2010-11-15 12:56:26,,,
DMSR 00883,"Egyptian Lover, The*",King Of Ecstasy (His Greatest Hits Album),Egyptian Empire Records,2xLP,,1989,98698,Uncategorized,,,,
ETRX008,Zeta Reticula,EP 3,Electrix Records,"12"", EP",5,2001,18522,Uncategorized,,,,
EF 2008-2,DJ 3000,Somewhere In Detroit Mix Series Vol. 1,Electrofunk Records,"CD, Mixed",,2002,67720,Uncategorized,,,,
EF-2002-1,Mr. De',Sex On The Beach 2000,Electrofunk Records,"12""",,2000,65205,Uncategorized,,,,
ETS007A,Spatial & Co / Voyage / Disco & Co,Spatial Disco,Electunes,"LP, Comp",,2008,1548756,Uncategorized,2010-12-28 06:51:48,,,
AS-11443,Side Effect,Take A Chance 'N' Dance / I Feel It's Real,Elektra,"12"", Promo",,1980,2592022,Uncategorized,2010-12-11 15:00:32,,,
e100000,Anthony Rother,Redlight District,Elektrolux,"12""",5,1998,4646,Uncategorized,,,,
EMDS 6527,Electra (2) Featuring Tara Butler,Feels Good (Carrots & Beets),Emergency Records,"12""",,1982,61280,Uncategorized,,,,
EMLP 7505,Kano,Kano,Emergency Records,"LP, Album",,1980,82260,Uncategorized,,,,
EMS-4504,Kano,I'm Ready / Holly Dolly,Emergency Records,"7""",,1980,227013,Uncategorized,,,,
120-19-003,International Music System I.M.S.*,Dancing Therapy,"Emergency Records, Bellaphon","12""",,1984,234769,Uncategorized,,,,
EMN45,Hong Kong Counterfeit,Emotion,Emperor Norton,"12"", Red",,2003,183081,Uncategorized,,,,
endless flight 30,Kza,Le Troublant Acid,Endless Flight,"12""",5,2010,2584241,Uncategorized,2010-12-20 06:42:34,,,
ENV 008,Metro Area,Metro Area,Environ,"12""",5,1999,16259,Uncategorized,,,,
ENV 009,Daniel Wang,Silver Trophies,Environ,"12""",4,2000,2959,Uncategorized,,,,
ENV 010,Metro Area,Metro Area 2,Environ,"12""",5,2000,1030,Uncategorized,,,,
ENV 012,Morgan Geist,Super,Environ,"12""",5,2001,8912,Uncategorized,,,,
ENV 013,Daniel Wang,Nocturnes,Environ,"12""",5,2001,14908,Uncategorized,,,,
ENV 014,Metro Area,Metro Area 4,Environ,"12""",5,2001,14911,Uncategorized,,,,
ENV 015,Morgan Geist,Moves,Environ,"12""",4,2002,35588,Uncategorized,,,,
ENV 016,Kelley Polar Quartet,Audition EP,Environ,"12"", EP",,2002,61752,Uncategorized,,,,
ENV 018,Jersey Devil Social Club,Homage At 121 BPM,Environ,"12""",,2004,244477,Uncategorized,,,,
ENV 021,Jersey Devil Social Club,Magnifique,Environ,"12""",,2004,358374,Uncategorized,,,,
ENV017,Kelley Polar Quartet,Recital EP,Environ,"12"", EP",,2003,208531,Uncategorized,,,,
ENV034,Storm Queen,Look Right Through,Environ,"12"", Ltd",,2010,2511144,Uncategorized,2010-12-20 06:41:38,,,
ENVCD001,Daniel Wang,Idealism,Environ,"CD, Album",4,2001,28889,Uncategorized,,,,
ENVCD002,Metro Area,Metro Area,Environ,"CD, Album",,2002,61484,Uncategorized,,,,
ENVUN01,Dance Reaction,Unclassics #1 - Disco Train,Environ,"12""",,2003,153327,Uncategorized,,,,
ENVUN02,Margueritas / Pluton & Humanoids,Unclassics #2,Environ,"12""",,2003,157999,Uncategorized,,,,
ENVUN03,Purple Flash,Unclassics #3,Environ,"12""",4,2004,233816,Uncategorized,,,,
FE 35745,Michael Jackson,Off The Wall,Epic,"LP, Album, Gat",,1979,120096,Uncategorized,,,,
ESCA 7306,Hooverphonic,Blue Wonder Power Milk,Epic Records (Japan),CD,,1998,139310,Uncategorized,,,,
541416 501584,Radio Slave,Radio Slave Presents Creature Of The Night Part One,Eskimo Recordings,"12""",,2006,796259,Uncategorized,,,,
ESP.001,Sombrero Galaxy (2),Journey To The Centre Of The Sun,ESP Institute,"12""",5,2010,2158059,Uncategorized,2010-12-20 06:42:10,,,
"F 129 CD, 137.0129.20",Jori Hulkkonen,"When No One Is Watching, We Are Invisible...","F Communications, Play It Again Sam [PIAS]","CD, Album",4,2000,13396,Uncategorized,,,,
"F 132, 137.0132.30",Jori Hulkkonen,Wanna Do You,"F Communications, Play It Again Sam [PIAS]","12""",4,2001,31365,Uncategorized,,,,
"F 139, 137.0139.131",Jori Hulkkonen,Let Me Luv U,"F Communications, Play It Again Sam [PIAS]","12""",5,2001,31364,Uncategorized,,,,
FEP-300,Cybotron,Cosmic Raindance,Fantasy,"12""",5,1996,4878,Uncategorized,,,,
PS 08/100,Anthony Rother,Elixir Of Life,Fax +49-69/450464,"CD, Album, Mixed, Ltd",4,2003,132158,Uncategorized,,,,
Arp 005,Lindstrøm,Arp She Said,Feedelity,"12"", W/Lbl, Promo",,2005,460826,Uncategorized,,,,
feed 001,Lindstrøm and Christabelle,Music (In My Mind),Feedelity,"12""",,2003,237623,Uncategorized,,,,
finalfrontier002,Analog Fingerprints,Age Of Hypocrisy,Final Frontier,"12""",,2004,298990,Uncategorized,,,,
flexx002,Crazy Gang,Every Sunday,Flexx,"12""",,2006,711945,Uncategorized,,,,
"flexx 001, flexx001",Pineapples Feat Douglas Roop,Come On Closer,"Flexx, Flexx","12"", RE",,2005,509174,Uncategorized,,,,
FT46,Luomo,Diskonize Me,Force Tracks,"12""",4,2002,36426,Uncategorized,,,,
FT52,Data 80,Data 80,Force Tracks,"2x12"", Album",,2003,118640,Uncategorized,,,,
FRT17,Dr. Shingo,Have You Ever Seen The Blue Comet?,Forte Records,"12""",,2002,42082,Uncategorized,,,,
FST 003,Del Monte & Marco Piccolo,Unconscious / Digital 4Ever After,Freestyle Ltd.,"12""",,2003,174638,Uncategorized,,,,
FST 005,Pastrami Man,Pastrami Machine,Freestyle Ltd.,"12""",,2004,394000,Uncategorized,,,,
FREUNDINNEN 01,Isolee*,It's About,Freundinnen,"12""",,2002,138541,Uncategorized,,,,
"FR-004, Cx16",Cybonix,Make This Party Live,"Frustrated Funk, Clone","12""",,2004,307616,Uncategorized,,,,
FP04,Todd Terje,Eurodans,Full Pupp,"12""",,2005,551046,Uncategorized,,,,
FP06,Magnus International,Kosmetisk,Full Pupp,"12""",,2006,817268,Uncategorized,2010-11-15 12:56:06,,,
GI-14,Various,Disco Nouveau: Addendum,Ghostly International,"12""",,2002,65589,Uncategorized,,,,
GDC 0010-12,Pet Shop Boys / Advance / Miko Mission,Club Classics 10,Golden-Dance-Classics,"12"", Comp",,2001,209100,Uncategorized,,,,
"GDC 0007-12, CC 0007",Various,Club Classics 07,"Golden-Dance-Classics, Club Classics","12""",,2001,182070,Uncategorized,,,,
PM 120010,Sex Band,I Have Got The Answer (Yes I Do),Good Vibes,"12""",,1984,386229,Uncategorized,,,,
"GL12.5, 940.9125.030",Kiko,Italomatic,"GoodLife, Play It Again Sam [PIAS]","12""",,2003,130276,Uncategorized,,,,
GRP-T-4001,"Funkacise Gang, The*",Funkacise,GRP,"12""",4,1982,1638736,Uncategorized,2010-12-11 15:12:25,,,
HADJSCD 01,Soulwax,Hang All DJ's Volume 1,Head Traxx Inc.,"CD, Comp, Mixed, Unofficial",,2003,143742,Uncategorized,,,,
HADJSCD 02,Soulwax,Hang All DJ's Volume 2,Head Traxx Inc.,"CDr, Comp, Mixed, Unofficial",,2003,158378,Uncategorized,,,,
"HVNLP16CD, HVNLP 16CD",St. Etienne*,Casino Classics,"Heavenly, Heavenly","2xCD, Comp",5,1996,3313,Uncategorized,,,,
TONE001,Ladycréme,Motherload,Hyptone,"12""",5,2007,997963,Uncategorized,,,,
10jolly003,Jollymusic,E.P.3,Illustrious,"10"", EP, Lig",5,2002,35138,Uncategorized,,,,
634.002,"Creatures, The (2)",Expansion - L'Altro Mondo Studios,Injection Disco Dance Label,"LP, Album",,1982,198460,Uncategorized,,,,
IOR001,6th Borough Project,Part One,Instruments Of Rapture,"12"", Ltd",,2008,1547540,Uncategorized,2010-12-20 06:40:56,,,
IOR002,6th Borough Project,Part Two,Instruments Of Rapture,"12"", Ltd",,2009,1695262,Uncategorized,2010-12-20 06:40:11,,,
IT 10 CD,I-f,The Man From PACK,Interdimensional Transmissions,"CD, Album",,1999,90734,Uncategorized,,,,
IT 14,GD Luxxe*,21st Door Rmxd,Interdimensional Transmissions,"12""",,2001,45427,Uncategorized,,,,
Gigolo  02,Jeff Mills,Shifty Disco E.P.,International Deejay Gigolo Records,"12"", EP",4,1996,2095,Uncategorized,,,,
Gigolo  03,Rok / Jonzon,Club Berlin,International Deejay Gigolo Records,"12""",4,1996,5603,Uncategorized,,,,
Gigolo  24,Miss Kittin & The Hacker,Intimités EP,International Deejay Gigolo Records,"12"", EP",5,1999,8321,Uncategorized,,,,
GIGOLO  42,DJ Valium*,Art Of Misdirection,International Deejay Gigolo Records,2xLP,3,2000,31541,Uncategorized,,,,
GIGOLO  51,Tuxedomoon,No Tears (Remixed),International Deejay Gigolo Records,"12""",,2001,39457,Uncategorized,,,,
GIGOLO  64,Steril,Shades Of Grey E.P.,International Deejay Gigolo Records,"12"", EP",5,2001,8618,Uncategorized,,,,
GIGOLO  67,Japanese Telecom,Virtual Geisha,International Deejay Gigolo Records,"2x12"", Album",5,2002,24578,Uncategorized,,,,
GIGOLO  67,Japanese Telecom,Virtual Geisha,International Deejay Gigolo Records,"CD, Album",5,2001,25421,Uncategorized,,,,
Gigolo  69,Vitalic,Poney EP,International Deejay Gigolo Records,"12"", EP",5,2001,13148,Uncategorized,,,,
Gigolo  77,Mick Wills,Atomic EP,International Deejay Gigolo Records,"12"", EP",4,2001,24711,Uncategorized,,,,
GIGOLO  79,Crossover,Fantasmo,International Deejay Gigolo Records,"2xLP, Album",3,2002,30422,Uncategorized,,,,
Gigolo  80,Tiga & Zyntherius,Sunglasses EP,International Deejay Gigolo Records,"12"", EP",3,2001,18500,Uncategorized,,,,
GIGOLO  85,Tiga,American Gigolo,International Deejay Gigolo Records,"CD, Comp, Mixed",,2002,39764,Uncategorized,,,,
Gigolo  86,Chris Korda,When It Rains EP,International Deejay Gigolo Records,"12"", EP",1,2002,35030,Uncategorized,,,,
Gigolo  87,Linda Lamb,Hot Room,International Deejay Gigolo Records,"12""",3,2002,28544,Uncategorized,,,,
Gigolo  91,Plastique De Rêve,Rodéo Mécanique,International Deejay Gigolo Records,"12""",2,2002,33704,Uncategorized,,,,
GIGOLO  93,Bobby Konders,A Lost Era In NYC 1987-1992,International Deejay Gigolo Records,"3xLP, Comp",,2002,36875,Uncategorized,,,,
GIGOLO  95,Savas Pascalidis,Galactic Gigolo,International Deejay Gigolo Records,"2xLP, Album",,2003,118925,Uncategorized,,,,
GIGOLO  99,Dopplereffekt,Myon-Neutrino / Z-Boson,International Deejay Gigolo Records,"12""",,2002,80099,Uncategorized,,,,
Gigolo 11,Miss Kittin And The Hacker*,Champagne! E.P.,International Deejay Gigolo Records,"12"", EP",5,1998,10800,Uncategorized,,,,
GIGOLO 130,Hell,NY Muscle,International Deejay Gigolo Records,"3xLP, Album",,2003,203598,Uncategorized,,,,
Gigolo 16,Der Zyklus,Der Tonimpulstest,International Deejay Gigolo Records,"12""",5,1998,29391,Uncategorized,,,,
GIGOLO 32,Dopplereffekt,Gesamtkunstwerk,International Deejay Gigolo Records,"2xLP + 7"" + , Comp",5,1999,965,Uncategorized,,,,
Gigolo 44,Dave Clarke,Compass,International Deejay Gigolo Records,"12"", S/Sided, Ltd",4,2000,2094,Uncategorized,,,,
Gigolo 63,Der Zyklus,Der Zyklus II,International Deejay Gigolo Records,"12""",5,2001,31544,Uncategorized,,,,
GIGOLO 99,Dopplereffekt,Linear Accelerator,International Deejay Gigolo Records,"CD, Album",,2003,142339,Uncategorized,,,,
"GIGOLO  75, Gigolo 75",Miss Kittin & The Hacker,First Album,"International Deejay Gigolo Records, International Deejay Gigolo Records","2x12"", Album",5,2001,20111,Uncategorized,,,,
ITU 2001,Various,Comin' From Tha D (Installment 3.0),Intuit-Solar,"12""",,1999,13810,Uncategorized,,,,
IRM 822 LP,Various,Confuzed Disco,Irma,"2xLP, Comp",,2006,677889,Uncategorized,,,,
IRMA 515186-1,Various,I-Robots : Italo Electro Disco Underground Classics,Irma,"2xLP, Comp",,2004,237059,Uncategorized,,,,
IL 9667,Various,Seize The Beat (Dance Ze Dance),Island Records,"LP, Smplr",,1981,37028,Uncategorized,,,,
it.16,2raumwohnung,Wir Sind Die Anderen (Frühling 2007),It.sounds,"12""",,2004,331034,Uncategorized,,,,
EXIT M 525,N.O.I.A.,True Love,Italian Records,"12""",,1984,430041,Uncategorized,,,,
JC 12-008,Evelyn Smith,Lost In Love,J.C. Records,"12""",,1982,216437,Uncategorized,2010-11-15 12:57:07,,,
W-12110,Evelyn Smith,(Baby) You & Me,J.C. Records,"12""",,1981,497226,Uncategorized,2011-01-17 17:53:17,Near Mint (NM or M-),Generic,
DEPP 1,Various,The Deep House Sampler - Volume 1,Jack Trax,"LP, Comp",,1989,68214,Uncategorized,,,,
JTX 20,Fingers Inc.,Can You Feel It,Jack Trax,"12""",5,1988,20132,Uncategorized,,,,
jel 026,Jesper Dahlbeck*,Hans EP,Jericho,"12"", EP",,2003,204219,Uncategorized,,,,
KAAR 1,Anthony Rother,Sex With The Machines,Kanzleramt,"LP, Album",5,1997,4647,Uncategorized,,,,
KAAR 1 CD,Anthony Rother,Sex With The Machines,Kanzleramt,"CD, Album",5,1997,30815,Uncategorized,,,,
KG 02,Legowelt & Orgue Electronique,Starcruiser,Kapellmeister Grammofon,"10""",,2002,67031,Uncategorized,,,,
KNTR1002,Swayze Dub,Chessy Disco,Kentaurracing,"10""",,2003,298522,Uncategorized,,,,
KNTR1201,Catnip,Don't Exercise The Bird,Kentaurracing,"12""",,2003,130407,Uncategorized,,,,
KFD001,Killer Funk Disco Allstars,Killer Funk Disco Allstars (Volume 1),Killer Funk Disco,"12"", Unofficial",,2009,2019858,Uncategorized,2011-01-17 18:30:37,,,
KS 77,Chicken Lips,Echoman Re-Echoed Vol 1: Meet Me At The Freezer,Kingsize,"12""",,2003,107108,Uncategorized,,,,
KSRLP14,Chicken Lips,Echoman,Kingsize,2xLP,,2000,17148,Uncategorized,,,,
Klakson  6,Duplex,Overdue EP,Klakson,"12"", EP",,2003,164227,Uncategorized,,,,
Klakson  7,Pauli Jylhankangas,Clutz,Klakson,"12""",5,2003,206933,Uncategorized,,,,
Klakson  8,Seymour Bits,Bonparapara Attack!,Klakson,"12""",,2004,239755,Uncategorized,,,,
Klakson 10,Mesak,Modern Stalking,Klakson,"12""",,2004,353772,Uncategorized,,,,
KMS 021,K.OS (Chaos)* Featuring Simianne,Definition Of Love,KMS,"12""",,1989,64379,Uncategorized,,,,
KMS 033,E-Dancer,Pump The Move / Grab The Beat,KMS,"12"", RP",5,0,33488,Uncategorized,,,,
KMS 049,Chez Damier,Untitled,KMS,"12""",,1993,13215,Uncategorized,,,,
KRE02,Abstract Thought,Hypothetical Situations,Kombination Research,"2x12"", Album",,2003,126966,Uncategorized,,,,
KOM  54,Justus Köhncke,2 After 909,Kompakt,"12""",,2002,61136,Uncategorized,,,,
KOM  68,Justus Köhncke,Was Ist Musik (Remixe),Kompakt,"12""",,2002,67874,Uncategorized,,,,
KOM  95,Justus Köhncke,Zwei Photonen,Kompakt,"12""",,2004,243473,Uncategorized,2010-11-23 07:30:02,,,
KOMPAKT CD 21,Triple R,Friends,Kompakt,"CD, Mixed, Comp",5,2002,67137,Uncategorized,,,,
"KOM 113, KOMPAKT 113",Justus Köhncke,Elan / Taste,"Kompakt, Kompakt","12""",,2005,373702,Uncategorized,,,,
KUDCD013,Fila Brazillia,Brazilification (Remixes 95-99),Kudos,"2xCD, Comp",5,1999,22061,Uncategorized,,,,
LADOMAT 2122-1,Golden Boy With Miss Kittin,Or,Ladomat 2000,2xLP,,2001,76768,Uncategorized,,,,
LASERGUN 001,Savas Pascalidis,Disco Galaxy,Lasergun,"12""",,1999,87428,Uncategorized,,,,
LASERGUN 002,Savas Pascalidis,Stellar Funk,Lasergun,"12""",3,2000,8897,Uncategorized,,,,
LASERGUN 008,Savas Pascalidis,Fantastic Voyage,Lasergun,"12""",4,2001,10704,Uncategorized,,,,
LASERGUN 010,Steril,Klinique EP,Lasergun,"12"", EP",5,2001,16918,Uncategorized,,,,
LASERGUN 012,John Starlight,The Visitor,Lasergun,"12""",,2001,71596,Uncategorized,,,,
LASERGUN 014,Puberty Love,X-Ray Eyes,Lasergun,"12""",5,2002,33818,Uncategorized,,,,
LASERGUN 015,Ulysses (2),Aviator Sunglasses EP,Lasergun,"12"", EP",,2002,71611,Uncategorized,,,,
LASERGUN 020,Fancyman,Amico EP,Lasergun,"12"", EP",,2003,169239,Uncategorized,,,,
lg024,Sneak Thief* Feat. Lindsay J.*,Cold Ways,Lasergun,"12""",,2003,220466,Uncategorized,,,,
Like  2,Like A Tim,Draw A Bot,Like Records,"12"", Ltd",,2003,187493,Uncategorized,,,,
Like  3,Like A Tim & Gina V. D'Orio,Bass Girl,Like Records,"12"", MiniAlbum",,2004,254719,Uncategorized,,,,
LW 0002-2,Roy Davis Jr.,DJ Mix,Livewire,"CD, Comp, Mixed",5,1998,72485,Uncategorized,,,,
LOG028CD,Daniel Bell,The Button-Down Mind Strikes Back!,Logistic Records,"CD, Comp, Mixed",4,2003,117845,Uncategorized,,,,
MCP 25003,Video Club,Lost Time,Magic Circus Productions,"12""",,1983,319781,Uncategorized,,,,
EDIT 001,Magick Edit Allstars,The Music's Getting Stronger,Magick Edit,"12""",,2004,239001,Uncategorized,,,,
EDIT 002,Magick Edit Allstars,Shades Of Who?,Magick Edit,"12""",,2004,239004,Uncategorized,,,,
EDIT 03,Magick Edit Allstars,Disco Fever,Magick Edit,"12""",,2005,443870,Uncategorized,,,,
EDIT 04,Magick Edit Allstars,Dance In A Daze,Magick Edit,"12""",,2005,573569,Uncategorized,,,,
MLPS 7804,David Joseph,You Can't Hide (Your Love From Me),Mango,"12""",,1983,95426,Uncategorized,,,,
MTR 2254,Gaz Nevada* / Answering Service,Confuzed Disco Sampler 002,Mantra Vibes,"12""",,2005,601677,Uncategorized,,,,
MTR2293,N.O.I.A. / Neon (10) / Stupid Set,Confuzed Disco Reprise,Mantra Vibes,"12""",,2006,746218,Uncategorized,,,,
MAW103,MAW Electronic,MAW Electronic Danz / Time Travelers,MAW Records,"12""",,2004,293927,Uncategorized,,,,
M-1002,Patrick Cowley,Megatron Man,Megatone Records,"LP, Album",,1981,149000,Uncategorized,,,,
M-1004,Patrick Cowley,Mind Warp,Megatone Records,"LP, Album",5,1982,20039,Uncategorized,,,,
MT-119,Le Jeté,La Cage Aux Folles,Megatone Records,"12""",,1983,130088,Uncategorized,,,,
MEMIX 004,Sky Creackers,You Should Be Dancing,Memory Records,"12""",,1983,237534,Uncategorized,2010-11-15 12:55:53,,,
MEMIX 028,Cyber People,Void Vision,Memory Records,"12""",,1985,99754,Uncategorized,,,,
MG 034,Miss Kittin & The Hacker,The Beach,Mental Groove Records,"12"", S/Sided, Etch",,2003,183373,Uncategorized,,,,
MG032,Cassy & Dave The Hustler,Her Dream,Mental Groove Records,"12""",1,2002,182812,Uncategorized,,,,
MKX 610,Valerie Dore,It's So Easy,Merak Music,"12"", Maxi",,1985,94793,Uncategorized,,,,
METG3012,Morgan Geist,Crash Tracks EP,Metamorphic Recordings,"12"", EP",4,2000,25650,Uncategorized,,,,
0030.562,Patrick Cowley Featuring Sylvester,Do Ya Wanna Funk,Metronome,"7"", Single",,1982,82447,Uncategorized,,,,
0060.504,Patrick Cowley,Megatron Man,Metronome,LP,,1981,114402,Uncategorized,,,,
M-002,Model 500,Night Drive,Metroplex,"12""",4,1985,8894,Uncategorized,,,,
M-022,Infiniti,Game One / Think Quick,Metroplex,"12""",,1994,20052,Uncategorized,,,,
M-9089,Azymuth,Light As A Feather,Milestone Records,LP,,1979,473311,Uncategorized,2010-12-11 14:33:28,,,
MODAL003,Rune Lindbæk & Lindstrøm,Alien In My Pocket,Modal Music,"12""",,2004,257443,Uncategorized,2010-11-16 08:43:11,,,
MODAL004,InfantTwo,Modern Robot Chorus,Modal Music,"12""",,2004,308407,Uncategorized,,,,
MG008,Da Sampla,Samplaholic,Moods & Grooves,"12""",3,2000,3755,Uncategorized,,,,
105702,Bingo (10),Dragster,Motor Show '79,"12""",,1979,1237410,Uncategorized,2010-08-20 10:03:11,,,
17.1334/9,Milkways,Galactic Reaction,Movieplay,LP,,1978,725305,Uncategorized,,,,
MX 001,Unknown Artist,Tabulater,Moxie,"12"", Unofficial",,2002,140853,Uncategorized,,,,
MX 004,C2C4,"Specimen 4, 5 & 6",Moxie,"12""",,2004,245058,Uncategorized,,,,
MX 005,Unknown Artist,Melodica / Undisputable,Moxie,"12""",,2004,263040,Uncategorized,,,,
MX003,C2C4,Specimen 1 & 2,Moxie,"12""",,2003,157172,Uncategorized,,,,
M-004,DJ Overdose,Trust Me,Murder Capital,"12""",,2002,41753,Uncategorized,,,,
M-005,Electronome,Music Telex,Murder Capital,"12"", RE",3,2001,19582,Uncategorized,,,,
M-007,Novamen,Murdercapital Mentality,Murder Capital,"12""",,2001,72802,Uncategorized,,,,
MB002,Electronic System,Disco Machine,Musique Belgique Archive,"LP, RE",,2004,244790,Uncategorized,,,,
Must! 004,Loud-E-Fied Discoproduction*,"Ann ""M"" Madness / Robotism Pt III",Must Records,"12""",,2005,482209,Uncategorized,,,,
NM002,Blue Six,Music And Wine,Naked Music Recordings,"12""",3,1999,11,Uncategorized,,,,
NAT2125 LP,Raiders Of The Lost ARP,4,Nature Records,"2x12"", Album",,2004,236392,Uncategorized,,,,
NAT2126,Raiders Of The Lost ARP,3,Nature Records,"12""",,2003,212445,Uncategorized,,,,
NAT2127,Francisco,Moon Roller,Nature Records,"12""",,2004,291514,Uncategorized,,,,
NAT2131,Francisco Feat. Adam Bourke,Esplanade 97,Nature Records,"12""",,2004,315076,Uncategorized,,,,
ERA 9911-2,Carl Craig,House Party 013 - A Planet E Mix,Nextera,"CD, Comp, Mixed",4,1999,3912,Uncategorized,,,,
NOID 0101,Disques Du Livres,Mad Sex,Noid Recordings,"12""",,1997,72708,Uncategorized,,,,
NOID 0123,Phantom Slasher,Phantom Slasher EP,Noid Recordings,"12"", EP",,2003,162920,Uncategorized,,,,
NOID 1978,Major Swellings,Major Swellings,Noid Recordings,"2xLP, Album",5,2005,478681,Uncategorized,,,,
NOID 1978CD,Major Swellings,Major Swellings,Noid Recordings,"CD, Album",5,2005,487926,Uncategorized,,,,
NOID 2000,Dancin Days,Theme,Noid Recordings,"12""",,0,101387,Uncategorized,,,,
NOID 2001,Afrobutt,Tight Shorts,Noid Recordings,"12""",,2001,16246,Uncategorized,,,,
NOIDCD002,Deep Fuzz,Body Karate,Noid Recordings,"CD, Album",5,2000,47286,Uncategorized,,,,
NOIDLP002,Deep Fuzz,Body Karate,Noid Recordings,2xLP,,2000,180408,Uncategorized,,,,
NOIDLP999,Phantom Slasher,Gruble,Noid Recordings,2xLP,,2006,703528,Uncategorized,,,,
ESCAPEFROMNY 1,Escape From New York (2),Singles Collection,Not On Label (Escape From New York),"12"", Uno",5,2010,2320584,Uncategorized,2010-12-20 06:43:23,,,
EDLP2,Various,Disco Rotic II,Not On Label (Disco Rotic Series),"12"", Unofficial, Comp",,2004,364421,Uncategorized,,,,
none,Isaac Hayes / Kikrokos,Ron's Edits #1,Not On Label (Ron's Edits Series),"12"", Ltd, W/Lbl",,2004,255175,Uncategorized,,,,
none,"First Choice / Dells, The",Ron's Edits #2,Not On Label (Ron's Edits Series),"12"", W/Lbl, Ltd",,2004,255176,Uncategorized,,,,
none,"First Choice / Dells, The",Ron's Edits #2,Not On Label (Ron's Edits Series),"12"", W/Lbl, Ltd",,2004,255176,Uncategorized,,,,
NRK 037,Sirus,Orbit / Big Ben,NRK Sound Division,"12""",3,2000,2854,Uncategorized,,,,
NRK 049,Miguel Migs,The Soul Selecta EP,NRK Sound Division,"12"", EP",3,2001,7010,Uncategorized,,,,
NUX 123,Fuzz Against Junk,Country Clonk,Nuphonic,"12""",,1998,19429,Uncategorized,,,,
NUX 163,Block 16,Morning Sun,Nuphonic,2xLP,,2001,146780,Uncategorized,,,,
OPR 55,DK7,The Difference,Output,"12""",,2003,150685,Uncategorized,,,,
PAN-001,Various,Mixed Up In The Hague Vol. 1,Panama Records,"CD, Comp, Mixed, Promo, Ltd",5,2000,17779,Uncategorized,,,,
PAN-002,Spoonich* / Wanexa / Expansives,Laserdance / The Man From Colours / Life With You,Panama Records,"12""",,2003,194148,Uncategorized,,,,
PAP 001,Salt City Orchestra,The Book,Paper Recordings,"12""",4,1994,2520,Uncategorized,,,,
PAP 002,Papermusic*,Issue One,Paper Recordings,"12""",5,1995,7896,Uncategorized,,,,
PMP 001,Level 8,Level 8,Paradiso Melkweg Productiehuis,"12""",,2004,331138,Uncategorized,,,,
PAULA 1244,Magnum Force (2),Cool Out / Get In The Mix,Paula Records,"12""",,1984,331463,Uncategorized,2010-12-11 15:11:17,,,
PF088,Roy Davis Jr.,Soul Electrica,Peacefrog Records,2xLP,5,1999,30183,Uncategorized,,,,
PF088CD,Roy Davis Jr.,Soul Electrica,Peacefrog Records,"CD, Comp",5,1999,70955,Uncategorized,,,,
PFG021:01,Herbert*,Secondhand Sounds: Herbert Remixes,Peacefrog Records,3xLP,,2002,93698,Uncategorized,,,,
PFG021:02,Herbert*,Secondhand Sounds: Herbert Remixes,Peacefrog Records,"3xLP, Comp",,2002,74664,Uncategorized,,,,
Peng 09,"Rurals, The",Rural Stiles E.P.,Peng,"12"", EP",4,2000,15680,Uncategorized,,,,
Peng 15,"Rurals, The",Sweeter Sound,Peng,"12""",5,2001,8211,Uncategorized,,,,
PWS 106,"""Q""*","The Voice Of ""Q""",Philly World Records,"7""",,1982,210979,Uncategorized,,,,
PHOF 4000,Klein & MBO*,De-Ja-Vu,Phoenix Productions,"LP, Album",,1982,331844,Uncategorized,,,,
884 729-1,Animotion,I Want You,Phonogram,"12"", Single, Promo",,1986,399590,Uncategorized,2011-01-23 07:38:01,Very Good Plus (VG+),Very Good (VG),Small green circular stickers with BPM written on it on both the sleeve and the record label.
PIE0401,"Rick James / Time, The",Give It To Me Baby / Jerk Out,Pie Records,"12""",,2004,324942,Uncategorized,,,,
PIGNA 006,Raiders Of The Lost ARP,Funk Series Part 2,Pigna Records,"12""",,2004,234724,Uncategorized,,,,
PIGNA 010LP,Pigna People,Let 'Em Talk,Pigna Records,"2x12""",,2005,554845,Uncategorized,,,,
PIGNArec.01,Analog Fingerprints,Tribute,Pigna Records,"12""",,2002,139116,Uncategorized,,,,
PIGNArec07,Analog Fingerprints,Dirty Sidewalk,Pigna Records,"12""",,2004,241573,Uncategorized,,,,
"PIGNArec04, Pigna 004",Analog Fingerprints,Roofs,"Pigna Records, Pigna Records","12""",,2003,196851,Uncategorized,,,,
PE 65248 CD,Recloose,Spelunking EP,Planet E,"CD, EP",5,1999,4216,Uncategorized,,,,
PE 69170,69,Sound On Sound,Planet E,"12""",,1993,8854,Uncategorized,,,,
PE PCP 1,Paperclip People,Throw / Remake (Basic Reshape),Planet E,"12""",4,1994,4213,Uncategorized,,,,
PE65248,Recloose,Spelunking EP,Planet E,"12"", EP",5,1999,22177,Uncategorized,,,,
PE65251,Recloose,Can't Take It,Planet E,"12""",4,2000,1306,Uncategorized,,,,
PE65255,Designer Music,Problemz / The Truth,Planet E,"12""",5,2000,2889,Uncategorized,,,,
PE65263,Carl Craig,The Climax,Planet E,"12"", Whi",4,2001,5493,Uncategorized,,,,
PE69-1,69,4 Jazz Funk Classics,Planet E,"12""",,1991,4235,Uncategorized,,,,
PLAX022-6,Terry Lee Brown Junior*,Sunny Side Up,Plastic City,"12""",4,2000,2808,Uncategorized,,,,
PLAY115,Isolée,We Are Monster,Playhouse,"3x12"", Album, Gat",5,2005,467270,Uncategorized,,,,
PLAYCD001,Isolée,Rest,Playhouse,"CD, Album, RE, RM",5,2005,6439,Uncategorized,,,,
PLUMP CD 101,Mr. James Barth,My Old Blues Suits,Plumphouse Records,"CD, Album",,1996,47295,Uncategorized,,,,
PLUMP LP101,Mr. James Barth,My Old Blues Suits,Plumphouse Records,"2x12"", Album",,1996,42643,Uncategorized,,,,
"PLUMP CD103, PLUMPCD103",Various,In The House Of Plump A Private Swedish Collection,"Plumphouse Records, Plumphouse Records","CD, Comp",,1998,194084,Uncategorized,,,,
PFR 14,Martin Landsky,Spy On Summer,Poker Flat Recordings,"12""",3,2001,7030,Uncategorized,,,,
PFR LP 07,Steve Bug,Sensual,Poker Flat Recordings,"2x12"", Album",,2002,51855,Uncategorized,,,,
PFR24,Glowing Glisses,Shaked Ladies,Poker Flat Recordings,"12""",,2002,51867,Uncategorized,,,,
817 632-1,Digital Emotion,Get Up Action,Polydor,"12"", Maxi",,1983,189813,Uncategorized,,,,
PD-1-6197,French Kiss (2),Panic!,Polydor,"LP, Album",,1979,243690,Uncategorized,,,,
PORK 014,Fila Brazillia,Old Codes New Chaos,Pork Recordings,"CD, Album",5,1994,7803,Uncategorized,,,,
PORK 037,Fila Brazillia,Black Market Gardening,Pork Recordings,"CD, Album",5,1996,1567,Uncategorized,,,,
PORK 045,Fila Brazillia,Luck Be A Weirdo Tonight,Pork Recordings,"CD, Album",5,1997,3478,Uncategorized,,,,
PORK 055,Fila Brazillia,Power Clown,Pork Recordings,"CD, Album",5,1998,3124,Uncategorized,,,,
PRL 12158,Musique,Keep On Jumpin',Prelude Records,"LP, Album",,1978,125653,Uncategorized,,,,
PRL D 605,Unlimited Touch,I Hear Music In The Streets / Searching To Find The One,Prelude Records,"12""",,1981,674137,Uncategorized,2010-12-28 07:01:34,,,
NSMIX 2005,Amnésie With The Nicolosi Family,Turas,Proto Records (2),"12""",,1983,193989,Uncategorized,,,,
NSMIX 2001,Cariocas,Batida,Proto Records (2),"12""",,1983,91437,Uncategorized,,,,
NSMIX 2007,Decadance (2),On And On (Fears Keep On),Proto Records (2),"12""",,1983,94807,Uncategorized,,,,
PSI 010,Little Computer People,Electro Pop,Psi49net,2xLP,5,2001,10025,Uncategorized,,,,
PSI 021,Anthony Rother,Hacker,Psi49net,"2xLP, Album",3,2002,38221,Uncategorized,,,,
PSI005,Anthony Rother,Simulationszeitalter,Psi49net,"12""",5,2000,26722,Uncategorized,,,,
PSI006,Anthony Rother,Simulationszeitalter,Psi49net,"CD, Album, Dig",5,2000,8815,Uncategorized,,,,
PSI006,Anthony Rother,Simulationszeitalter,Psi49net,"LP, Album",,2000,71767,Uncategorized,,,,
PSI020,Anthony Rother,Die Macht,Psi49net,"12""",,2002,39779,Uncategorized,,,,
PSI49-1,Anthony Rother,Trans Europa Express,Psi49net,"12""",3,1998,27459,Uncategorized,,,,
PP 012,J.A.W.S.,Booty & Tha Beats,Push & Pull,"12""",,1999,65221,Uncategorized,,,,
PBX-6,A Number Of Names,Shari Vari (Remixes),Puzzlebox Records,"2x12""",5,2002,26399,Uncategorized,,,,
PBX2-96,Da Sampla / KT-19941,Second Concept,Puzzlebox Records,"12""",4,1996,27751,Uncategorized,,,,
QDC  23,Lourett Russell Grant,Hot To Trot,Quality Records Ltd.,"12""",,1980,236065,Uncategorized,,,,
RDR-12005,Gary's Gang,Makin' Music,Radar Records (2),"12""",,1983,117028,Uncategorized,,,,
Rad 001,Various,Radius 001,Radius Records,"12""",,2003,164176,Uncategorized,,,,
Rad 002,Various,Radius 002,Radius Records,"12""",,2003,168420,Uncategorized,,,,
Rad 003,Various,Radius 003,Radius Records,"12""",,2003,164178,Uncategorized,,,,
Rad 005,Casco Presents BWH*,Stop / Livin Up (Original / Mixes),Radius Records,"12""",,2004,316595,Uncategorized,,,,
Rad 006,Klapto,Mister Game,Radius Records,"12""",,2006,606427,Uncategorized,,,,
Rad 008,Casco,Cybernetic Love,Radius Records,"12""",,2006,771528,Uncategorized,,,,
RADIUSCD 01,Various,Theme From Radius - An Italo Spacedance Compilation,Radius Records,"CD, Comp, Mixed, Dig",5,2003,178541,Uncategorized,,,,
"Rad 009, flexx005",Mr. Master / Blackway,A Dog In The Night / New Life / Follow Me,"Radius Records, Flexx","12""",,2006,792977,Uncategorized,,,,
RAMSH 12-3121,'Lectric Workers,Robot Is Systematic,Rams Horn Records,"12""",,1982,105133,Uncategorized,,,,
RAMSH 12-3135,Klein & M.B.O.,Dirty Talk,Rams Horn Records,"12""",,1982,97631,Uncategorized,,,,
MD-510,Tod Foster,Dancin',RCA,"12""",,1979,210553,Uncategorized,,,,
PC  5919,Roboterwerke,The Lion Sleeps Tonight / High On Tech,"RCA, RCA Victor","12""",,1981,605520,Uncategorized,,,,
PD-11457,Machine,There But For The Grace Of God Go I,"RCA Victor, Hologram Records (3)","12""",,1979,79308,Uncategorized,,,,
REACT CD 227,Carl Craig,The Workout,React,"2xCD, Mixed, Comp",,2002,82458,Uncategorized,,,,
ROI 008,"Rurals, The",Corker,Records Of Interest,"12""",4,2000,15483,Uncategorized,,,,
RR 007,Ris,Love-N-Music,Relish Records,"12""",,2004,240065,Uncategorized,,,,
CAT 029 LP,DMX Krew,Sound Of The Street,Rephlex,2xLP,5,1996,22023,Uncategorized,,,,
CAT 047 R EP,DMX Krew,You Can't Hide Your Love (Remixes),Rephlex,"12"", Promo",,1997,72823,Uncategorized,,,,
CAT 086 P,DMX Krew,Good Time Girl / Denki No Merodi,Rephlex,"7"", Pic, Shape",5,1999,31022,Uncategorized,,,,
CAT 128 CD,Transllusion,L.I.F.E.,Rephlex,CD,,2002,66542,Uncategorized,,,,
CAT 128 LP,Transllusion,L.I.F.E.,Rephlex,LP,,2002,72140,Uncategorized,,,,
CAT 146 EP,Black Devil,Disco Club,Rephlex,"12"", EP",,2004,230273,Uncategorized,,,,
DMX 017 EP,DMX Krew,17 Ways To Break My Heart,Rephlex,"12""",,1998,47048,Uncategorized,,,,
RONG 002,How & Why?,Cruising,Rong Music,"12""",,2004,244517,Uncategorized,,,,
RONG 003,Mudd,Adventures In Bricket Wood,Rong Music,"12""",,2004,284828,Uncategorized,,,,
RONG 004,Tussle,Disco D'Oro,Rong Music,"12""",,2004,317759,Uncategorized,,,,
RONG 006,Mudd,Adventures In Bricket Wood #2,Rong Music,"12""",,2004,343055,Uncategorized,,,,
RONG 007,Barfly (2),Street Talk,Rong Music,"12""",,2004,383606,Uncategorized,,,,
RONG 009,Tussle,Disco D'Oro #2,Rong Music,"12""",,2005,427872,Uncategorized,,,,
RONG 009,Tussle,Disco D'Oro #2,Rong Music,"12""",,2005,427872,Uncategorized,,,,
RONG 010,Woolfy / Projections,Split EP,Rong Music,"12""",,2005,480966,Uncategorized,,,,
RPR00,How & Why?,Re-Edits,Rong Music,"12""",,2004,237051,Uncategorized,,,,
RPR66,Prins Thomas,Diskomiks EP,Rong Music,"12"", EP",,2005,387095,Uncategorized,,,,
RPR88,"Drunk, The",Re-Edits,Rong Music,"12""",,2004,323336,Uncategorized,,,,
Roulé 304,Roy Davis Jr*,Rock Shock,Roulé,"12""",,1998,8090,Uncategorized,,,,
RH VD 3,House Of Jezebel,Love & Happiness,Rush Hour Recordings,"12""",,2010,2555537,Uncategorized,2010-12-20 06:42:56,,,
RH-TX 3,Ace & The Sandman / Jamie Principle,House Of Trax Vol. 3,"Rush Hour Recordings, Trax Records","12"", RE",,2010,2174914,Uncategorized,2010-11-18 13:06:27,,,
safety_copy_09,Various,Safety_Copy_09,Safety Copy,"12"", Unofficial, Ltd, Cle",,2010,2302978,Uncategorized,2010-12-20 06:19:00,,,
safety_copy_10,Various,Safety_Copy_10,Safety Copy,"12"", Ltd, Unofficial, Cle",,2010,2580188,Uncategorized,2010-12-20 06:18:46,,,
SKA008,Boards Of Canada,Hi Scores,Skam,"12"", RP",,1999,1177164,Uncategorized,2010-12-11 14:41:19,Very Good (VG),Poor (P),
TRIBUTE,Smith N Hack,Tribute,Smith N Hack,2xLP,3,2002,35150,Uncategorized,,,,
COL 4982422-000,Hooverphonic,The Magnificent Tree,Sony Music Entertainment (Belgium),"CD, Album",3,2000,36135,Uncategorized,,,,
01-489561-10,Saint Etienne,Good Humor,Sony Music Entertainment Inc.,CD,,1998,132193,Uncategorized,,,,
587 346-1,Modjo,What I Mean,Sound Of Barclay,"12""",,2001,65545,Uncategorized,,,,
"PL 5112-RRS, TR-520735",Quest (9),Mind Games,"Sound Pak, Sound Pak","12""",,1985,96180,Uncategorized,2010-11-18 13:00:28,,,
SS009,Theo Parrish,Parallel Dimensions,Sound Signature,"CD, Album",,2000,176839,Uncategorized,,,,
SST 05,Sound Stream,All Night,Sound Stream,"12""",,2010,2513399,Uncategorized,2010-12-20 06:41:15,,,
SH 02,Soundhack,Soundhack 2,Soundhack,"12""",4,2000,32100,Uncategorized,,,,
SH-01,Soundhack,Soundhack #1,Soundhack,"12""",5,1997,32099,Uncategorized,,,,
SH-03,Soundhack,Soundkit E.P.,Soundhack,"12"", EP",,2002,68450,Uncategorized,,,,
SPC-04,Osborne / DMX Krew,Bout Ready To Jak / I Won't Forget,Spectral Sound,"12""",5,2002,58865,Uncategorized,,,,
BTV10 002,Art Of Love,Looking Through The Night,Squish,"12""",,1983,215858,Uncategorized,,,,
BTV10 004,Mr. Flagio,Get The Night,Squish,"12""",,1984,215864,Uncategorized,,,,
SSR 147,Various,Freezone 2: Variations On A Chill,SSR Records,"2xCD, Comp",4,1995,8643,Uncategorized,,,,
SSR 167,Various,Freezone 3 - Horizontal Dancing,SSR Records,"2xCD, Comp",4,1996,6640,Uncategorized,,,,
SSR 187,Various,Freezone 4 - Dangerous Lullabies,SSR Records,"CD, Comp + CD, Comp, Enh",4,1997,6641,Uncategorized,,,,
SSR 207,Various,Freezone 5 - The Radio Is Teaching My Goldfish Ju-jitsu,SSR Records,"2xCD, Comp",3,1998,14819,Uncategorized,,,,
SSR 227,Various,Freezone 6: Fourth Person Singular,SSR Records,"2xCD, Comp",4,1999,6639,Uncategorized,,,,
Stilleben 016,Various,Stilleben 016,Stilleben Records,LP,,2002,90802,Uncategorized,,,,
STILLEBEN 023,Various,Gothenburg Electro City 1,Stilleben Records,"12""",,2004,285100,Uncategorized,,,,
stillebenrecords 022,Monkeyshop,Niagara Flow,Stilleben Records,"12""",,2004,307253,Uncategorized,,,,
SLR001,Legowelt,Dark Days,Strange Life Records,"CDr, Comp",,2004,350905,Uncategorized,,,,
SLR005,Venom 18,Mystery Organisation,Strange Life Records,"12""",,2005,515794,Uncategorized,,,,
SLR007,Legowelt,The Land Of Lonzo,Strange Life Records,"12""",,2006,689385,Uncategorized,,,,
!K7067cd,Dave Clarke,Electro Boogie Vol. 2 - The Throwdown,Studio !K7,"CD, Mixed, Comp",5,1998,1018,Uncategorized,,,,
!K7097EP,Herbert*,Leave Me Now,Studio !K7,"12""",4,2001,3991,Uncategorized,,,,
!K7097LP,Herbert*,Bodily Functions,Studio !K7,"3x12"", Album",5,2001,36995,Uncategorized,,,,
!K7128LP,Swayzak,Dirty Dancing,Studio !K7,2xLP,,2002,76035,Uncategorized,,,,
!K7097CD,Herbert*,Bodily Functions,Studio !K7,"CD, Album",5,2001,4029,Uncategorized,,,,
"!K7140CD, !K7140 CD",Tosca,Dehli9,"Studio !K7, Studio !K7","2xCD, Album, Dig",,2003,116831,Uncategorized,,,,
SPCD 466,Saint Etienne,Places To Visit,Sub Pop Records,"CD, EP",,1999,38891,Uncategorized,,,,
SPCD 509,Saint Etienne,Sound Of Water,Sub Pop Records,CD,,2000,38864,Uncategorized,,,,
SVE-6,Drexciya,Drexciya III - Molecular Enhancement,Submerge Recordings,"12""",5,1995,19943,Uncategorized,,,,
SS-420,Matrix (13),Stay (I Need Your Love) / Take Me Up,Sugarscoop Records,"12""",,1982,330941,Uncategorized,2010-08-20 08:04:22,,,
ST 1004,Quick & Brite,Taking Care Of Business,Supertracks,"12""",,2001,68238,Uncategorized,,,,
supremat 03,Transllusion,The Opening Of The Cerebral Gate,Supremat,"CD, Album, Dig",,2001,55980,Uncategorized,,,,
SUPR 006,Disco/Very / Sam-Jam / Discognosis,Get It On / Dance N Chant / Step By Step,Supreme Records (2),"12"", Unofficial",,2006,643517,Uncategorized,,,,
SUPR 002,Double / Titanic (3),Woman Of The World / Macumba (Tangoterje Edits),Supreme Records (2),"12""",,2004,473296,Uncategorized,,,,
SUPR 007,Various,Diamonds Dub / Give Me Your Love / Black Magic (Tangoterje Edits),Supreme Records (2),"12"", Unofficial",,2006,776324,Uncategorized,2010-11-16 07:10:31,,,
SUPR 008,Tangoterje,I Want Your Love / Sweet Dynamite,Supreme Records (2),"12""",,2008,1269728,Uncategorized,2010-11-16 07:12:10,,,
SK 002,Ari Jukka,Floor Funk,Svek,"12""",,1996,58168,Uncategorized,,,,
SK 004,Alexi Delano,10 Inch Madness,Svek,"10""",3,1996,20208,Uncategorized,,,,
SK 007,Charlie - H*,Plug EP,Svek,"12"", EP",,1996,56647,Uncategorized,,,,
SK 011,J. Dahlbäck*,The Persuader,Svek,"12""",5,1997,25585,Uncategorized,,,,
SK 014,Mr. James Barth,High Society,Svek,"12""",3,1997,35587,Uncategorized,,,,
SK 015,A.D.N.Y.*,We Are Svek,Svek,"12""",5,1997,9351,Uncategorized,,,,
SK 016,"Mr. Barth* & Persuader, The",Snorkelmannen Ø Hans Vänner,Svek,"12""",,1997,62584,Uncategorized,,,,
SK 025,Mr. James Barth & A.D.,Knockin' Boots Vol 1 Of 2,Svek,"12""",5,1998,6,Uncategorized,,,,
SK 026,Mr. James Barth & A.D.,Knockin' Boots Vol 2 Of 2,Svek,"12""",5,1998,2,Uncategorized,,,,
SK 042,Sunday Brunch,Things You Said,Svek,"12""",4,2000,149,Uncategorized,,,,
SK 046,Universal Funk,Roots,Svek,"12""",,2000,129498,Uncategorized,,,,
SK 047,Forme,Aqua-Note,Svek,"12""",5,2000,15913,Uncategorized,,,,
SK 048,Bjørn Torske,Aerosoles,Svek,"12""",,2000,19806,Uncategorized,,,,
SK003,Gene Hunt,Comin' Your Way,Svek,"12""",3,1996,20205,Uncategorized,,,,
SK017,"Persuader, The",Stockholm By Night,Svek,"12""",5,1997,4664,Uncategorized,,,,
SK018,A.D.N.Y*,On 10 Inch,Svek,"10""",4,1997,12763,Uncategorized,,,,
SK019,Dr. Nobody,The Big Bang Theory,Svek,"12""",3,1997,119,Uncategorized,,,,
SK020,"Persuader, The",Morgon Sol,Svek,"12""",5,1998,101,Uncategorized,,,,
SK021,Conceiled Project,Pattern 1 - 4,Svek,"12""",5,1998,44,Uncategorized,,,,
SK027,"Stephan Grieder & Persuader, The",Pleasure,Svek,"12""",4,1998,401,Uncategorized,,,,
SK028,"Persuader, The",A View From Slussen,Svek,"12""",5,1998,400,Uncategorized,,,,
SK030,Nordelius & Ressle,Fallbacklick's,Svek,"12""",5,1999,398,Uncategorized,,,,
SK031,Tore* / Torske*,Battlestar XB-7 / Jeg Vil Være Søppelmann,Svek,"10""",5,1999,402,Uncategorized,,,,
SK032,"Persuader, The",Stockholm,Svek,"2x12""",5,1999,1,Uncategorized,,,,
SK033,Mr. James Barth,Remixed For The Lords,Svek,"12""",3,1999,6874,Uncategorized,,,,
SK034,Sunday Brunch,Midsummer,Svek,"12""",5,1999,148,Uncategorized,,,,
SK035,Markus Enochson,Don't Walk Away,Svek,"12""",4,1999,21058,Uncategorized,,,,
SK036,Torske*,Sexy Disco,Svek,"10""",5,1999,13090,Uncategorized,,,,
SK060,Sunday Brunch,Remixes,Svek,"12""",,2003,82548,Uncategorized,,,,
SK061,Sunday Brunch,When It All Comes To This,Svek,"12""",,2003,144203,Uncategorized,,,,
SK062,Air Frog,Leave Me Now,Svek,"12""",,2003,126994,Uncategorized,,,,
SKCD 001,Various,The Lords Of Svek - Vol. 1,Svek,"CD, Comp",5,1997,17086,Uncategorized,,,,
SKCD 002,Various,The Lords Of Svek Vol. 2,Svek,"CD, Comp",4,1997,17087,Uncategorized,,,,
SKCD 007,Various,The Lords Of Svek Vol. 4,Svek,"CD, Comp",5,1998,5955,Uncategorized,,,,
SKCD 009,Various,The Lords Of Svek - Galaxy,Svek,"CD, Comp",5,1999,17089,Uncategorized,,,,
SKCD 011,Svek Presents DJ I.N.C.,Tha Afterset Sessions,Svek,"CD, Album",1,2000,20632,Uncategorized,,,,
SKCD 013,Svek,Defender,Svek,"CD, Comp",,2002,45094,Uncategorized,,,,
SKCD008,"Persuader, The",Stockholm,Svek,"CD, Album",5,1999,24200,Uncategorized,,,,
SKCD010,Various,The Lords Of Svek - Stars,Svek,"CD, Comp, Dig",5,2000,949,Uncategorized,,,,
SKCD012,Stephan Grieder,The Daydreamer,Svek,"CD, Comp, Mixed, Dig",4,2000,19210,Uncategorized,,,,
SKLP001,Mr. James Barth,Stealin' Music,Svek,"2xLP, Album",5,1998,35590,Uncategorized,,,,
"SK037, SK 037",Universal Funk,Smokin Love,"Svek, Svek","12""",5,1999,163,Uncategorized,,,,
"SK039, SK 039",Jesper Dahlbäck,Sand & Vatten,"Svek, Svek","12""",5,2000,156,Uncategorized,,,,
"SK040, SK 040",Conceiled Project,Definition Of D,"Svek, Svek","12""",4,2000,12607,Uncategorized,,,,
"SK041, SK 041",Brommage Dub,Trini,"Svek, Svek","12""",5,2000,414,Uncategorized,,,,
"SK044, SK 044",Various,The Lords Of Svek - Unreleased (Part 2),"Svek, Svek","12""",5,2000,33513,Uncategorized,,,,
"SK051, SK 051",Chris J,Midnight Dancer,"Svek, Svek","12""",2,2001,4133,Uncategorized,,,,
"SK052, SK 052",Forme,Aqua-Note (Part2),"Svek, Svek","12""",3,2001,4631,Uncategorized,,,,
"SK054, SK 054",Jesper Dahlbäck,Sommar EP,"Svek, Svek","12"", EP",3,2001,5742,Uncategorized,,,,
"SK055, SK 055","Persuader, The",Central Bron,"Svek, Svek","12""",5,2001,12362,Uncategorized,,,,
"SK056, SK 056",Sunday Brunch,No Resistance EP,"Svek, Svek","12"", EP",3,2001,36946,Uncategorized,,,,
"SK057, SK 057",Various,The Lords Of Svek - Unreleased [Part 3],"Svek, Svek","12""",4,2002,37310,Uncategorized,,,,
"SK058, SK 058",Air Frog,Mazuka,"Svek, Svek","12""",4,2002,38750,Uncategorized,,,,
"SK059, SK 059",Sunday Brunch,My World EP,"Svek, Svek","12"", EP",,2002,51112,Uncategorized,,,,
SWZ010,Swayzak,Ping Pong / Skoobar,Swayzak Recordings,"12""",4,2000,8979,Uncategorized,,,,
TR 1196,Various,The Perfect Beats Volume 1,Timber! Records,"3xLP, Comp",,1998,135458,Uncategorized,,,,
TR 1216,Various,The Perfect Beats Volume 2,Timber! Records,3xLP,,1998,135463,Uncategorized,,,,
T12-1003,Motion (3),Don't Stop,Tojo Productions,"12""",,1983,188785,Uncategorized,,,,
TOKTOKRECORDS 03,Toktok vs. Soffy O.,Day Of Mine (Ludicrous Idiots Remixes),Toktok Records,"12""",,2003,134248,Uncategorized,,,,
TS 007,Freak Electrique,P.H.A.S.E.R.,Top Secret/Test Series,"12"", W/Lbl, TP, Ltd",,2003,208863,Uncategorized,,,,
MS 12,Psyche,Crack Down,Transmat,"12""",5,1990,4679,Uncategorized,,,,
MS-15,Rhythim Is Rhythim,The Beginning,Transmat,"12""",4,1990,4687,Uncategorized,,,,
CTX CD 5001,Various,Trax Records: The 20th Anniversary Edition,Trax Records,"2xCD, Comp, Mixed + CD, Comp",,2004,254056,Uncategorized,,,,
TX112,Adonis,No Way Back,Trax Records,"12""",4,1986,27332,Uncategorized,,,,
TX117,Marshall Jefferson,The House Music Anthem,Trax Records,"12""",4,1986,4184,Uncategorized,,,,
Tresor  93,Mitja Prinz,Globus Mix Vol. 1 - Audiovideodiscoatmospheres,Tresor,CD,5,1998,22651,Uncategorized,,,,
Tresor 142,Daniel Bell,The Button Down Mind Of Daniel Bell (Globus Mix Vol. 4),Tresor,"CD, Mixed, Comp",5,2000,2814,Uncategorized,,,,
Tresor 146,Stewart S. Walker*,Reformation Of Negative Space EP,Tresor,"12"", EP",4,2000,18561,Uncategorized,,,,
Tresor. 191,Dave Tarrida,Globus Mix Vol. 6 - Dave Tarrida Plays Records,Tresor,"CD, Comp, Mixed",4,2002,35281,Uncategorized,,,,
Tresor.115,Rok,Sturm Und Drang - Globus Mix Vol.3,Tresor,"CD, Comp, Mixed",4,1999,7696,Uncategorized,,,,
TSU 6026,System F Featuring Marc Almond,Soul On Soul,Tsunami,"12""",5,2001,12485,Uncategorized,,,,
MARCD-017,Kenny Glasgow,Toronto Mix Sessions,Turbo,CD,2,2001,11603,Uncategorized,,,,
MARCD-018,Tiga,American Gigolo,Turbo,"CD, Comp, Mixed",5,2001,23559,Uncategorized,,,,
MARCD-023,Märtini Brös.,Pläy.,Turbo,"CD, Album",,2002,80823,Uncategorized,,,,
MARCD0022,Various,Turbo Studio Sessions Vol. 3,Turbo,"2xCD, Comp",,2002,61984,Uncategorized,,,,
TLP-01,ADNY,Selections '97-2000,Turbo,"2x12""",4,2000,470,Uncategorized,,,,
TRB60072,Various,Turbo Studio Sessions Vol. 2,Turbo,"CD, Comp, RE",,2001,170450,Uncategorized,,,,
TURBO-001,ADNY,Dreaming (Dahlbäck And Hulkkonen Remixes),Turbo,"12"", Maxi",3,2000,471,Uncategorized,,,,
TURBO-002,Jori Hulkkonen,Helsinki Mix Sessions,Turbo,2xLP,3,2000,3588,Uncategorized,,,,
TURBO-004,Mateo Murphy,Love Express EP,Turbo,"12"", EP, Maxi",3,2001,2575,Uncategorized,,,,
TURBO-009,TGV,TGV EP,Turbo,"12"", EP, Maxi",4,2002,30152,Uncategorized,,,,
TURBO-011,Märtini Brös.,Flash,Turbo,"12""",,2002,61150,Uncategorized,,,,
TURBO-015,FPU,Racer Car,Turbo,"12""",,2002,72549,Uncategorized,,,,
"MARCD-004, MARCD00042",Jesper Dahlbäck,Stockholm Mix Sessions,"Turbo, Turbo","CD, Comp, Mixed",5,1999,1220,Uncategorized,,,,
"MARCD-007, MARCD00072",Various,Turbo Studio Sessions Vol. 1,"Turbo, Turbo","CD, Comp",5,1999,3586,Uncategorized,,,,
"MARCD-009, MARCD00092",Lafleche,Montreal Mix Sessions Vol. 4,"Turbo, Turbo",CD,5,2000,1050,Uncategorized,,,,
"MARCD-011, MARCD00112",Jesper Dahlbäck,Stockholm Mix Sessions 2,"Turbo, Turbo","CD, Comp, Mixed",5,2000,1221,Uncategorized,,,,
"MARCD-012, MARCD00122",Jori Hulkkonen,Helsinki Mix Sessions,"Turbo, Turbo","CD, Comp, Mixed",4,2000,1222,Uncategorized,,,,
"MARCD-013, MARCD00132",Tiga,Montreal Mix Sessions Vol. 5 - Mixed Emotions,"Turbo, Turbo","2xCD, Comp, Mixed",5,2000,1052,Uncategorized,,,,
"MARCD00142, MARCD0142",Various,Turbo Studio Sessions (Vol.2),"Turbo, Turbo","CD, Comp",5,2001,2947,Uncategorized,,,,
"MARCD0019, MARCD00192",Adam Beyer,Stockholm Mix Sessions V03,"Turbo, Turbo","CD, Comp, Mixed",,2002,63580,Uncategorized,,,,
URLP 151,Theo Parrish,Parallel Dimensions,Ubiquity Records,2xLP,,2004,266309,Uncategorized,,,,
UGET05,"Sugarhill Gang / Roger Troutman / Dells, The",Ugly Edits Vol. 5,Ugly Edits,"12"", W/Lbl, Unofficial",,2003,191181,Uncategorized,,,,
URT 001,Roy Davis & Jay Juniel,The Men From The Nile! Pt. 1,Undaground Therapy Muzik,"12""",3,1996,19858,Uncategorized,,,,
UR-026,Drexciya,Drexciya 2 - Bubble Metropolis,Underground Resistance,"12""",,1993,6061,Uncategorized,,,,
"UR-015, 4W-291",Mad Mike* And DJ Rolando The Aztec Mystic* / Octave One,Aztlan / DayStar Rising,"Underground Resistance, 430 West","12""",5,1998,3056,Uncategorized,,,,
12BS-037,Creative Connection,"You're My Heart, You're My Soul",Unidisc,"12"", Maxi",,1985,502021,Uncategorized,2010-12-28 09:20:56,,,
SPEC-1367,Electric Mind / Jago,Zwei / Can We Go / I'm Going To Go,Unidisc,"12""",,1988,209776,Uncategorized,,,,
SPEC-1566,Universal Robot Band*,Dance And Shake Your Tambourine / Freak With Me,Unidisc,"12""",,1991,2048618,Uncategorized,2010-12-28 06:58:39,,,
UBK-4034,"Flirts, The","Blondes, Brunettes & Redheads",Unidisc,"CD, Album",,1994,136754,Uncategorized,,,,
ULP-13,Plastic Surprise,Bang Bang,Unidisc,"LP, Album",,1980,313624,Uncategorized,,,,
W-12055,Easy Going,A Gay Time Latin Lover,Uniwave,"12""",,1981,194134,Uncategorized,,,,
U13 007,Ural 13 Diktators,Techno Is Dead,Ural 13 Records,"3x12"", Album",,2002,56006,Uncategorized,,,,
W-12074,Tamara (3),Magic Dancer,V.S. Records,"12""",,1981,406231,Uncategorized,,,,
V 7/ 1,Beverly Hills 808303 vs. HOTT,Untitled,Viewlexx,"2x7"", Pin",,1997,67121,Uncategorized,,,,
V-001,Electronome,Music Telex,Viewlexx,"12""",4,1998,36243,Uncategorized,,,,
V-002,I-f,Space Invaders Are Smoking Grass,Viewlexx,"12""",5,1997,29228,Uncategorized,,,,
V-003,'Lectric Workers / Message From The Future*,Robot Is Systematic / Robot Is...,Viewlexx,"12""",,2000,23595,Uncategorized,,,,
V-004,"Parallax Corporation, The",Cocadisco,Viewlexx,"CD, Album",5,2001,13843,Uncategorized,,,,
V-010,Freak Electrique,P.H.A.S.E.R.,Viewlexx,"12""",,2003,208865,Uncategorized,,,,
V-011,Novamen,We Love,Viewlexx,"12""",,2004,238685,Uncategorized,,,,
V-012,Matzo & Pauli*,Matzo & Pauli EP,Viewlexx,"12"", EP",,2004,238684,Uncategorized,,,,
V-015,A Visitor From Another Meaning,Hills Of Honolulu,Viewlexx,"12""",,2004,302972,Uncategorized,,,,
V-016,Mr. Pauli*,Don't Want To Be You,Viewlexx,"12""",,2006,785752,Uncategorized,,,,
V-020,"Isolators, The Feat. Bébé",Interdit Ce Soir,Viewlexx,"12""",,2006,708418,Uncategorized,,,,
V12/ 5,"Parallax Corporation, The",Lift Off,Viewlexx,"12""",5,1999,33619,Uncategorized,,,,
V12/10,"Parallax Corporation, The",Cocadisco I,Viewlexx,"12""",5,2000,35880,Uncategorized,,,,
V12/11,"Parallax Corporation, The",Cocadisco II,Viewlexx,"12""",5,2000,8374,Uncategorized,,,,
V12/12,"Parallax Corporation, The",Autistic Sync,Viewlexx,"12""",5,2001,8163,Uncategorized,,,,
V12/14,Nancy Fortune,The Secret Life Of Nancy Fortune,Viewlexx,"12"", Ltd",3,2001,21291,Uncategorized,,,,
V12/15,Macho Cat Garage,Freedom For The Macho Cat,Viewlexx,"12""",5,2002,37842,Uncategorized,,,,
V12/16,"Parallax Corporation, The",Fear,Viewlexx,"12""",4,2001,36172,Uncategorized,,,,
V12/18,Bangkok Impact,The Floor,Viewlexx,"12""",,2002,71835,Uncategorized,,,,
V12/20,SYD (2),Le Jazz De Jupiter,Viewlexx,"12""",,2003,164722,Uncategorized,,,,
V12/6,Alden Tyrell,Love Explosion,Viewlexx,"12""",5,1999,10443,Uncategorized,,,,
VCD/13,Various,Musique Compacte,Viewlexx,"CD, Comp",5,2000,13842,Uncategorized,,,,
V-005,Various,We Still Kill The Old Way: The Double Double Cross,"Viewlexx, Panama Records","12""",5,2002,70747,Uncategorized,,,,
"V12/17, none",Alden Tyrell,Phaze Me,"Viewlexx, Panama Records","12""",,2003,133693,Uncategorized,,,,
Vik 2.2003,Gabe Catanzaro,Ex-Girlfriend,Viking Music,"12""",,2003,180290,Uncategorized,,,,
"724384526320, 7243 84526320, CDVIR69",Various,Paris Is Sleeping - Respect Is Burning,"Virgin France S.A., Virgin France S.A., Labels","CD, Comp",,1997,90477,Uncategorized,,,,
Vynalogica 3,Bangkok Impact Featuring Kassen,Colour Over Taste,Vynalogica,"12""",5,2003,217715,Uncategorized,,,,
WALL CD 029,Various,Wall Of Sound Presents Tellé,Wall Of Sound,"CD, Comp",,2001,49282,Uncategorized,,,,
WB 56 620,Gino Soccio,Outline,Warner Bros. Records,"LP, Album",,1979,81102,Uncategorized,,,,
WARP LP  90,"Other People Place, The",Lifestyles Of The Laptop Café,Warp Records,"2xLP, Album",5,2001,30845,Uncategorized,,,,
"warplp55 , skalp1",Boards Of Canada,Music Has The Right To Children,"Warp Records, Skam","2xLP, Album, RP",,2004,1182271,Uncategorized,2010-11-16 06:42:49,,,
WM50029-1,Blue 6*,Do Ya Like It?,Wave Music,"12""",3,1998,88,Uncategorized,,,,
WM50034-1,Blue6*,Sweeter Love,Wave Music,"12""",3,1998,1298,Uncategorized,,,,
"WEAN 58043, WEAN 58.043",Disco Circus,Disco Circus,"WEA, WEA Records B.V.",LP,,0,173708,Uncategorized,,,,
WES  22115,Bombers,(Everybody) Get Dancin',West End Records,"12"", Single",,1979,98807,Uncategorized,,,,
WES-22140,Peech Boys,Don't Make Me Wait,West End Records,"12""",,1982,79900,Uncategorized,2010-12-11 15:08:44,,,
WES5005,Shirley Lites,Heat You Up (Melt You Down),West End Records,"12"", RE, RM",,2001,116020,Uncategorized,,,,
SSS 111,Girls On Top (2),Being Scrubbed /  I Wanna Dance With Numbers,What Goes Around Records,"12"", Ltd, Unofficial",3,2001,25626,Uncategorized,,,,
PRO 695,Rose Royce,Do Your Dance,Whitfield Records,"12"", Promo",,1977,247006,Uncategorized,,,,
WBRLP 3,Massive Attack vs. Mad Professor,No Protection,Wild Bunch Records,"LP, Album",5,1995,66861,Uncategorized,2010-11-16 09:40:50,,,
42 78820,Esthero,Breath From Another,Work,"12""",,1998,56060,Uncategorized,,,,
OK 68698,Esthero,Breath From Another,Work,"CD, Album",4,1998,13711,Uncategorized,,,,
XJR 401,Jackass & Mule,1 - 2 - 3 Miami,Xylophone Jones Recordings,"12""",5,2002,35818,Uncategorized,,,,
XJR 402,Oliver Dodd,Olivelected EP,Xylophone Jones Recordings,"12"", EP",,2003,175816,Uncategorized,,,,
ZR-11,World Class Wreckin' Cru,Juice,Z Rock Records,"12""",,0,96649,Uncategorized,,,,
5031,Mr. Flagio,Take A Chance,ZYX Records,"12""",5,1983,34969,Uncategorized,,,,
5113,Scotch,Penguins' Invasion,ZYX Records,"12""",,1983,134532,Uncategorized,,,,
ZYX 1107-7,Valerie Dore,Get Closer,ZYX Records,"7""",,1985,111813,Uncategorized,,,,
ZYX 5177,Camaro's Gang,Ali Shuffle,ZYX Records,"12""",,1984,121870,Uncategorized,,,,
ZYX 5202,Charlie,Space Woman,ZYX Records,"12""",5,1984,28161,Uncategorized,,,,
ZYX 5240,Camaro's Gang,Fuerza Major / Corn Flakes,ZYX Records,"12""",,1985,113016,Uncategorized,,,,
ZYX 55001,Various,ZYX Hyper Mix Vol. 2,ZYX Records,"12""",5,0,138464,Uncategorized,,,,
"ZYX 5479, 5479",Laserdance,Humanoid Invasion (Digital Remix),"ZYX Records, ZYX Records","12""",,1986,134552,Uncategorized,,,,
